places,Unnamed: 1,Unnamed: 2,Unnamed: 3,Unnamed: 4,Unnamed: 5,Unnamed: 6,Unnamed: 7,Unnamed: 8,Unnamed: 9,Unnamed: 10,Unnamed: 11,Unnamed: 12,Unnamed: 13,Unnamed: 14,Unnamed: 15
,Zone,State,City,Name,Type,Establishment Year,time needed to visit in hrs,Google review rating,Entrance Fee in INR,Airport with 50km Radius,Weekly Off,Significance,DSLR Allowed,Number of google review in lakhs,Best Time to visit
0.0,Northern,Delhi,Delhi,India Gate,War Memorial,1921,0.5,4.6,0,Yes,None,Historical,Yes,2.6,Evening
1.0,Northern,Delhi,Delhi,Humayun's Tomb,Tomb,1572,2,4.5,30,Yes,None,Historical,Yes,0.4,Afternoon
2.0,Northern,Delhi,Delhi,Akshardham Temple,Temple,2005,5,4.6,60,Yes,None,Religious,No,0.4,Afternoon
3.0,Northern,Delhi,Delhi,Waste to Wonder Park,Theme Park,2019,2,4.1,50,Yes,Monday,Environmental,Yes,0.27,Evening
4.0,Northern,Delhi,Delhi,Jantar Mantar,Observatory,1724,2,4.2,15,Yes,None,Scientific,Yes,0.31,Morning
5.0,Northern,Delhi,Delhi,Chandni Chowk,Market,1700,3,4.2,0,Yes,Sunday,Market,Yes,0.25,Afternoon
6.0,Northern,Delhi,Delhi,Lotus Temple,Temple,1986,1,4.5,0,Yes,Monday,Religious,Yes,0.59,Evening
7.0,Northern,Delhi,Delhi,Red Fort,Fort,1648,2,4.5,35,Yes,None,Historical,Yes,1.5,Afternoon
8.0,Northern,Delhi,Delhi,Agrasen ki Baoli,Stepwell,1400,1,4.2,0,Yes,None,Historical,Yes,0.41,Afternoon
9.0,Northern,Delhi,Delhi,Sunder Nursery,Park,1600,2,4.6,0,Yes,None,Botanical,Yes,0.16,Afternoon
10.0,Northern,Delhi,Delhi,Garden of Five Senses,Park,2003,2,4.1,35,Yes,None,Botanical,Yes,0.23,Morning
11.0,Northern,Delhi,Delhi,Lodhi Garden,Park,1500,1,4.5,0,Yes,None,Botanical,Yes,0.48,All
12.0,Northern,Delhi,Delhi,National Gallery of Modern Art,Museum,1954,3,4.5,20,Yes,Monday,Artistic,Yes,0.08,All
13.0,Northern,Delhi,Delhi,National Zoological Park ,Zoo,1959,3,4.1,80,Yes,Friday,Environmental,Yes,0.41,All
14.0,Northern,Delhi,Delhi,Qutub Minar,Monument,1192,1,4.5,35,Yes,None,Historical,Yes,1.37,Afternoon
15.0,Northern,Delhi,Delhi,National Science Centre,Science,1992,5,4.4,70,Yes,None,Scientific,Yes,0.23,All
16.0,Western,Maharastra,Mumbai,Marine Drive,Promenade,Unknown,2,4.5,0,Yes,None,Scenic,Yes,1.5,Evening
17.0,Western,Maharastra,Mumbai,Gateway of India,Monument,1924,1,4.6,0,Yes,None,Historical,Yes,3.6,All
18.0,Western,Maharastra,Mumbai,Chhatrapati Shivaji Maharaj Vastu Sangrahalaya,Museum,1922,1,4.6,500,Yes,None,Historical,Yes,0.34,All
19.0,Western,Maharastra,Mumbai,Sanjay Gandhi National Park,National Park,1996,3,4.3,50,Yes,Monday,Wildlife,Yes,0.6,All
20.0,Western,Maharastra,Mumbai,Siddhivinayak Temple,Temple,1881,2,4.8,0,Yes,None,Religious,No,1.05,All
21.0,Western,Maharastra,Mumbai,Mahalaxmi Temple,Temple,1831,1,4.7,0,Yes,None,Religious,No,0.33,All
22.0,Western,Maharastra,Mumbai,Haji Ali Dargah,Religious Shrine,1431,2,4.4,0,Yes,None,Religious,No,0.16,All
23.0,Western,Maharastra,Mumbai,Chowpatty Beach,Beach,Unknown,2,4.3,0,Yes,None,Recreational,Yes,0.05,Evening
24.0,Western,Maharastra,Mumbai,Essel World,Amusement Park,1986,5,4.3,1149,Yes,None,Recreational,Yes,0.27,All
25.0,Western,Maharastra,Mumbai,Elephanta Caves,Monument,1987,4,4.3,550,Yes,None,Historical,Yes,0.35,All 
26.0,Western,Maharastra,Lonavala,Imagicaa,Amusement Park,2013,5,1.4,1149,No,Monday,Recreational,Yes,0.95,All
27.0,Western,Maharashtra,Lonavala,Bhaja Caves,Historical,Unknown,1.5,4.4,15,No,None,Historical,Yes,0.74,Morning
28.0,Western,Maharashtra,Lonavala,Lion’s Point,Environmental,Unknown,1,4.5,0,No,None,Environmental,Yes,0.5,All
29.0,Western,Maharashtra,Lonavala,Narayani Dham Temple,Religious Site,2002,1,4.6,0,No,None,Religious,Yes,0.22,Morning
30.0,Western,Maharashtra,Lonavala,Kune Waterfalls,Natural Feature,Unknown,1.5,4.5,0,No,None,Natural Wonder,Yes,0.03,Morning
31.0,Western,Maharashtra,Lonavala,Rajmachi Fort,Historical,1745,3,4.5,0,No,None,Historical,Yes,0.5,Morning
32.0,Western,Maharashtra,Lonavala,Karla Caves,Cave,200,1.5,4.3,15,No,None,Historical,Yes,0.29,Morning
33.0,Southern,Karnataka,Bangalore,Bangalore Palace,Palace,1878,2,4.2,500,Yes,Monday,Historical,Yes,0.9,Morning
34.0,Southern,Karnataka,Bangalore,Lalbagh Botanical Garden,Botanical Garden,1760,1.5,4.4,20,Yes,None,Nature,Yes,1.5,Evening
35.0,Southern,Karnataka,Bangalore,Cubbon Park,Park,1870,1,4.4,0,Yes,None,Nature,Yes,1.32,Evening
36.0,Southern,Karnataka,Bangalore,Vidhana Soudha,Government Building,1956,0.5,4.6,0,Yes,None,Architectural,No,0.8,Morning
37.0,Southern,Karnataka,Bangalore,Nandi Hills,Hill,Unknown,3,4.6,10,Yes,None,Natural Wonder,Yes,0.63,Evening
38.0,Southern,Karnataka,Bangalore,Wonerla Amusement Park,Amusement Park,2005,6,4.5,1350,Yes,None,Entertainment,Yes,1,Morning
39.0,Southern,Karnataka,Bangalore,Innovative Film City,Theme Park,2008,4,4,600,Yes,None,Entertainment,Yes,0.1,Morning
40.0,Southern,Karnataka,Bangalore,ISKCON Temple Bangalore,Temple,1997,1,4.6,0,Yes,None,Religious,Yes,1.14,Evening
41.0,Southern,Telangana,Hyderabad,Charminar,Landmark,1591,1,4.5,25,Yes,Friday,Historical,Yes,2.1,Morning
42.0,Southern,Telangana,Hyderabad,Golconda Fort,Fort,1600,2,4.4,30,Yes,None,Historical,Yes,1.2,Morning
43.0,Southern,Telangana,Hyderabad,Hussain Sagar Lake,Lake,1563,1,4.3,0,Yes,None,Scenic,Yes,0.5,Evening
44.0,Southern,Telangana,Hyderabad,Ramoji Film City,Film Studio,1996,4,4.4,1150,Yes,None,Entertainment,Yes,0.45,All
45.0,Southern,Telangana,Hyderabad,Salar Jung Museum,Museum,1951,2,4.4,20,Yes,None,Historical,Yes,0.67,All
46.0,Southern,Telangana,Hyderabad,Qutb Shahi Tombs,Tombs,1600,1,4.4,25,Yes,None,Historical,Yes,0.2,Morning
47.0,Southern,Telangana,Hyderabad,Birla Mandir,Temple,1976,1,4.7,0,Yes,None,Religious,No,0.41,All
48.0,Southern,Telangana,Hyderabad,Chowmahalla Palace,Palace,1800,1.5,4.4,80,Yes,None,Historical,Yes,0.45,Morning
49.0,Southern,Telangana,Hyderabad,Nehru Zoological Park,Zoo,1963,3,4.2,50,Yes,None,Wildlife,Yes,0.86,Morning
50.0,Southern,Telangana,Hyderabad,Lumbini Park,Park,1994,1,4.1,20,Yes,None,Recreational,Yes,0.73,Evening
51.0,Eastern,West Bengal,Kolkata,Victoria Memorial,Museum,1921,1.5,4.6,30,Yes,Monday,Historical,Yes,0.73,Morning
52.0,Eastern,West Bengal,Kolkata,Howrah Bridge,Bridge,1943,0.5,4.6,0,Yes,None,Architectural,No,1.2,Anytime
53.0,Eastern,West Bengal,Kolkata,Indian Museum,Museum,1814,2,4.6,50,Yes,Monday,Historical,Yes,0.18,Morning
54.0,Eastern,West Bengal,Kolkata,Dakshineswar Kali Temple,Temple,1855,1,4.7,0,Yes,None,Religious,Yes,0.82,Morning
55.0,Eastern,West Bengal,Kolkata,Kalighat Kali Temple,Temple,1809,1,4.4,0,Yes,None,Religious,Yes,0.5,Morning
56.0,Eastern,West Bengal,Kolkata,Eden Gardens,Cricket Ground,1864,3,4.1,2500,Yes,None,Sports,Yes,0.1,All
57.0,Eastern,West Bengal,Kolkata,Alipore Zoological Gardens,Zoo,1876,2,4.3,25,Yes,None,Wildlife,Yes,0.66,Afternoon
58.0,Eastern,West Bengal,Kolkata,Science City Kolkata,Science,1997,3,4.4,60,Yes,None,Educational,Yes,0.88,All
59.0,Eastern,West Bengal,Kolkata,Belur Math,Site,1898,1.5,4.7,0,Yes,None,Religious,Yes,0.47,Morning
60.0,Eastern,West Bengal,Kolkata,Marble Palace,Palace,1835,1,4.4,0,Yes,None,Historical,Yes,0.1,Afternoon
61.0,Southern,Goa,Goa,Calangute Beach,Beach,Unknown,2,4.4,0,Yes,None,Scenic,Yes,0.26,Evening
62.0,Southern,Goa,Goa,Basilica of Bom Jesus,Church,1605,1,4.5,0,Yes,None,Historical,Yes,0.59,Afternoon
63.0,Southern,Goa,Goa,Fort Aguada,Fort,1612,1.5,4.2,0,Yes,None,Historical,Yes,0.95,Morning
64.0,Southern,Goa,Goa,Dudhsagar Falls,Waterfall,Unknown,3,4.6,500,Yes,None,Nature,Yes,0.3,Afternoon
65.0,Southern,Goa,Goa,Anjuna Beach,Beach,Unknown,2,4.4,0,Yes,None,Scenic,Yes,0.18,Evening
66.0,Southern,Goa,Goa,Chapora Fort,Fort,1617,1,4.2,0,Yes,None,Historical,Yes,0.19,Evening
67.0,Southern,Goa,Goa,Se Cathedral,Church,1640,1,4.5,0,Yes,None,Historical,Yes,0.05,Afternoon
68.0,Southern,Goa,Goa,Baga Beach,Beach,Unknown,2,4.5,0,Yes,None,Scenic,Yes,0.35,Evening
69.0,Southern,Goa,Goa,Arambol Beach,Beach,Unknown,2,4.6,0,Yes,None,Scenic,Yes,0.1,Evening
70.0,Southern,Goa,Goa,Palolem Beach,Beach,Unknown,2,4.6,0,Yes,None,Scenic,Yes,0.27,Evening
71.0,Southern,Goa,Goa,Colva Beach,Beach,Unknown,2,4.3,0,Yes,None,Scenic,Yes,0.1,Evening
72.0,Southern,Goa,Goa,Miramar Beach,Beach,Unknown,1.5,4.2,0,Yes,None,Scenic,Yes,0.3,Evening
73.0,Southern,Goa,Goa,Aguada Beach,Beach,Unknown,2,4.5,0,Yes,None,Scenic,Yes,0.01,Evening
74.0,Southern,Goa,Goa,Dr. Salim Ali Bird Santuary,Bird Sanctuary,1988,2,3.9,10,Yes,None,Wildlife,Yes,0.03,Afternoon
75.0,Western,Gujarat,Ahmedabad,Sabarmati Ashram,Historical,1915,1.5,4.6,0,Yes,None,Historical,Yes,0.35,Morning
76.0,Western,Gujarat,Ahmedabad,Sabarmati Riverfront,Urban Development Project,2012,1,4.6,0,Yes,None,Recreational,Yes,0.1,Evening
77.0,Western,Gujarat,Ahmedabad,Manek Chowk,Market,Unknown,2,4.4,0,Yes,None,Food,Yes,0.49,Night
78.0,Western,Gujarat,Ahmedabad,Kankaria Lake,Lake,1451,3,4.5,10,Yes,None,Recreational,Yes,0.3,Afternoon
79.0,Western,Gujarat,Ahmedabad,Science City,Science,2002,7,4.4,500,Yes,Monday,Educational,Yes,0.11,All
80.0,Western,Gujarat,Ahmedabad,Adalaj Stepwell,Site,1499,1,4.5,0,Yes,None,Architectural,Yes,0.28,Afternoon
81.0,Western,Gujarat,Ahmedabad,Jama Masjid,Religious Site,1822,1,4.7,0,Yes,None,Religious,Yes,0.2,Morning
82.0,Western,Gujarat,Ahmedabad,Teen Darwaja,Historical,1415,1,4.3,0,Yes,None,Historical,Yes,0.37,Afternoon
83.0,Western,Gujarat,Ahmedabad,Law Garden Night Market,Entertainment,Unknown,2,4.2,0,Yes,None,Shopping,Yes,0.62,Night
84.0,Western,Gujarat,Dwarka,Nageshwar Jyotirlinga,Temple,-300,1,4.6,0,No,None,Religious,Yes,0.4,Evening
85.0,Western,Gujarat,Dwarka,Bet Dwarka,Island,Unknown,2,4.5,50,No,None,Religious,Yes,0.2,Morning
86.0,Western,Gujarat,Dwarka,Rukmani Devi Temple,Temple,Unknown,1,4.6,0,No,None,Religious,Yes,0.7,Morning
87.0,Western,Gujarat,Dwarka,Beach,Natural Feature,Unknown,2,4.5,0,No,None,Scenic,Yes,0.11,Evening
88.0,Western,Gujarat,Dwarka,Gomti Ghat,Historical,Unknown,1,4.5,0,No,None,Spiritual,Yes,0.1,Morning
89.0,Western,Gujarat,Dwarka,Dwarka Lighthouse,Historical,Unknown,0.5,4.3,0,No,None,Historical,Yes,0.1,Anytime
90.0,Western,Gujarat,Dwarka,Bhadkeshwar Mahadev Temple ,Temple,Unknown,1,4.5,0,No,None,Religious,Yes,0.6,Morning
91.0,Western,Gujarat,Dwarka,Dwarkadhish Temple,Temple,-400,2,4.7,0,No,None,Religious,No,0.59,Evening
92.0,Western,Gujarat,Junagadh,Gir National Park,National Park,1965,3,4.5,3500,No,None,Wildlife,Yes,0.08,Morning
93.0,Western,Gujarat,Junagadh,Uperkot Fort,Fort,319,2,4.4,0,Yes,None,Historical,Yes,0.9,Morning
94.0,Western,Gujarat,Junagadh,Girnar Hill,Site,Unknown,4,4.6,0,Yes,None,Religious,Yes,0.6,All
95.0,Western,Gujarat,Junagadh,Sakkarbaug Zoological Garden,Zoo,1863,2,4.2,20,Yes,None,Environmental,Yes,0.15,Afternoon
96.0,Western,Gujarat,Junagadh,Willingdon Dam,Dam,Unknown,1,4,0,Yes,None,Scenic,Yes,0.1,Evening
97.0,Western,Gujarat,Junagadh,Adi-Kadi Vav,Stepwell,Unknown,0.5,4.2,0,Yes,None,Historical,Yes,0.13,All
98.0,Western,Gujarat,Junagadh,Darbar Hall Museum,Museum,Unknown,1.5,4.3,5,Yes,Monday,Educational,Yes,0.22,All
99.0,Western,Gujarat,Bhuj,White Desert,Site,1950,2.5,4.6,0,Yes,None,Nature,Yes,0.12,Evening
100.0,Western,Gujarat,Bhuj,Aina Mahal,Palace,1845,1.5,4.3,20,Yes,Friday,Architectural,Yes,0.73,Morning
101.0,Western,Gujarat,Bhuj,Prag Mahal,Palace,1944,1,4.2,20,Yes,None,Scenic,Yes,0.64,All
102.0,Western,Gujarat,Bhuj,Kutch Museum,Museum,1877,1,4.2,5,Yes,Wednesday,Educational,Yes,0.46,All
103.0,Western,Gujarat,Bhuj,Bhujia Fort,Fort,Unknown,2,4.3,0,Yes,None,Architectural,Yes,0.3,Evening
104.0,Western,Gujarat,Bhuj,Shree Swaminarayan Temple,Temple,Unknown,1,4.7,0,Yes,None,Religious,Yes,0.7,Evening
105.0,Western,Gujarat,Bhuj,Vande Matram Memorial,Memorial,2017,2,4.6,50,Yes,None,Historical,Yes,0.67,Morning
106.0,Western,Gujarat,Vadodara,Laxmi Vilas Palace,Palace,1890,2,4.4,200,Yes,Monday,Historical,Yes,0.17,Afternoon
107.0,Western,Gujarat,Vadodara,Kamati Baug,Garden,1879,2,4.4,0,Yes,None,Entertainment,Yes,0.57,Morning
108.0,Western,Gujarat,Vadodara,EME Temple,Temple,1966,1,4.6,0,Yes,None,Religious,Yes,0.37,Evening
109.0,Western,Gujarat,Vadodara,Maharaja Fateh Singh Museum,Museum,1961,1.5,4.4,60,Yes,Monday,Historical,Yes,0.29,Morning
110.0,Western,Gujarat,Vadodara,Sur Sagar Lake,Lake,Unknown,1,4,0,Yes,None,Scenic,Yes,0.6,Evening
111.0,Western,Gujarat,Vadodara,Kirti Mandir,Memorial,1936,1,4.3,0,Yes,None,Religious,Yes,0.21,All
112.0,Western,Gujarat,Somnath,Somnath Temple,Temple,1951,2,4.8,0,No,None,Religious,No,0.39,Morning
113.0,Western,Gujarat,Somnath,Bhalka Tirath,Temple,Unknown,1,4.5,0,No,None,Religious,Yes,0.4,Morning
114.0,Western,Gujarat,Somnath,Somnath Beach,Beach,Unknown,1.5,4.2,0,No,None,Entertainment,Yes,0.7,Evening
115.0,Western,Gujarat,Somnath,Triveni Sangam,Confluence,Unknown,1,4.4,0,No,None,Religious,Yes,0.11,All
116.0,Western,Gujarat,Somnath,Gita Mandir,Temple,1970,1,4.3,0,No,None,Religious,Yes,0.12,All
117.0,Western,Gujarat,Rann of Kutch,Rann Utsav,Cultural,Unknown,3,4.9,7500,Yes,None,Cultural,Yes,0.1,Evening
118.0,Western,Gujarat,Rann of Kutch,Kalo Dungar(Black Hill),Hill,Unknown,1.5,4.5,0,No,None,Scenic,Yes,0.8,Morning
119.0,Western,Gujarat,Rann of Kutch,Dholavira,Site,3000,2.5,4.7,0,No,None,Archaeological,Yes,0.7,All
120.0,Western,Gujarat,Rann of Kutch,Mandavi Beach,Beach,Unknown,1.5,4.4,0,No,None,Entertainment,Yes,0.4,Evening
121.0,Western,Gujarat,Rann of Kutch,Kutch Museum,Museum,1877,1.5,4.2,50,Yes,Wednesday,Educational,Yes,0.46,All
122.0,Western,Gujarat,Rann of Kutch,Narayan Srover,Lake,Unknown,1.5,4.4,0,No,None,Religious,Yes,0.3,Morning
123.0,Western,Gujarat,Rann of Kutch,Chhari Dhand Bird Scantuary,Wildlife Sanctuary,Unknown,1.5,4.3,0,No,None,Wildlife,Yes,0.2,All
124.0,Western,Gujarat,Kevadia,Statue of Unity,Monument,2018,3,4.6,350,No,Monday,Historical,Yes,0.67,All
125.0,Western,Gujarat,Kevadia,Sardar Srovar Dam,Dam,1961,2,4.6,0,No,None,Scenic,Yes,0.5,All
126.0,Western,Gujarat,Kevadia,Valley of Flowers,Garden,2016,1.5,4.4,60,No,None,Scenic,Yes,0.8,Evening
127.0,Western,Gujarat,Kevadia,Jungle Safari ,Park,2020,3,4.5,200,No,None,Wildlife,Yes,0.3,All
128.0,Western,Gujarat,Kevadia,Ekta Cruise,Boat Ride,2019,1,4.4,290,No,None,Entertainment,Yes,0.1,Evening
129.0,Western,Gujarat,Gandhinagar,Dandi Kutir,Museum,2013,1.5,4.5,0,No,None,Historical,Yes,0.05,All
130.0,Western,Gujarat,Gandhinagar,Akshardham Temple,Temple,1992,2.5,4.5,0,Yes,Monday,Religious,Yes,0.5,Afternoon
131.0,Western,Gujarat,Gandhinagar,Adalaj Stepwell,Stepwell,1499,2,4.6,0,Yes,None,Archaeological,Yes,0.28,Morning
132.0,Western,Gujarat,Gandhinagar,Dandi Kutir Museum,Museum,2015,2,4.5,20,Yes,Monday,Educational,No,0.47,All
133.0,Western,Gujarat,Gandhinagar,Trimandir,Temple,2002,1.5,4.6,0,Yes,None,Religious,No,0.11,Evening
134.0,Northern,Rajasthan,Jaipur,Hawa Mahal,Palace,1799,1,4.4,50,Yes,None,Architectural,Yes,1.3,Morning
135.0,Northern,Rajasthan,Jaipur,Amber Fort,Fort,1592,2,4.6,100,Yes,None,Historical,Yes,1.5,All
136.0,Northern,Rajasthan,Jaipur,Jaigarh Fort,Fort,1726,1.5,4.5,35,Yes,None,Historical,Yes,0.3,All
137.0,Northern,Rajasthan,Jaipur,City Palace,Palace,1727,2,4.4,200,Yes,None,Historical,Yes,0.51,Morning
138.0,Northern,Rajasthan,Jaipur,Albert Hall Museum,Museum,1887,2,4.5,200,Yes,None,Historical,Yes,0.63,All
139.0,Northern,Rajasthan,Jaipur,Jantar Mantar,Observatory,1734,1.5,4.5,200,Yes,None,Scenic,Yes,0.4,Morning
140.0,Northern,Rajasthan,Jaipur,Nahargarh Fort,Fort,1734,2.5,4.4,200,Yes,None,Scenic,Yes,0.72,Evening
141.0,Northern,Rajasthan,Jaipur,Birla Mandir,Temple,1988,1,4.6,0,Yes,None,Religious,Yes,0.41,Evening
142.0,Northern,Rajasthan,Udaipur,City Palace,Palace,1559,2,4.4,300,Yes,None,Historical,Yes,0.51,All
143.0,Northern,Rajasthan,Udaipur,Lake Pichola,Lake,1362,2.5,4.5,300,Yes,None,Scenic,Yes,0.9,Evening
144.0,Northern,Rajasthan,Udaipur,Jag Madir,Temple,Unknown,1.5,4.4,600,Yes,None,Religious,Yes,0.92,Afternoon
145.0,Northern,Rajasthan,Udaipur,Bagore ki Haveli,Haveli,1866,1.5,4.5,100,Yes,None,Architectural,Yes,0.42,Morning
146.0,Northern,Rajasthan,Udaipur,Sajjangarh Palace,Palace,1884,1.5,4.2,10,Yes,None,Scenic,Yes,0.3,Evening
147.0,Northern,Rajasthan,Udaipur,Fateh Sagar Lake,Lake,1678,1.5,4.5,100,Yes,None,Scenic,Yes,0.4,All
148.0,Northern,Rajasthan,Udaipur,Eklingji Temple,Temple,Unknown,1,4.6,0,Yes,None,Religious,Yes,0.1,Morning
149.0,Northern,Rajasthan,Jaisalmer,Jaisalmer Fort,Fort,1156,2.5,4.4,50,Yes,None,Historical,Yes,0.56,All
150.0,Northern,Rajasthan,Jaisalmer,Sam Sand Dunes,Natural Feature,Unknown,2.5,4.6,500,Yes,None,Scenic,Yes,0.8,Evening
151.0,Northern,Rajasthan,Jaisalmer,Patwon ki Haveli,Haveli,1800,2.5,4.5,100,Yes,None,Scenic,Yes,0.15,Morning
152.0,Northern,Rajasthan,Jaisalmer,Bada Bagh,Garden,Unknown,1.5,4.4,100,Yes,None,Scenic,Yes,0.5,All
153.0,Northern,Rajasthan,Jaisalmer,Jain Temples,Temple,Unknown,1.5,4.5,10,Yes,None,Historical,Yes,0.3,Morning
154.0,Northern,Rajasthan,Jaisalmer,Matmahal ki Haveli,Haveli,1978,1,4.3,50,yes,None,Architectural,Yes,0.15,All
155.0,Northern,Rajasthan,Sawai Madhopur,Ranthambore National Park,Wildlife Sanctuary,1980,3,4.6,500,No,None,Wildlife,Yes,0.09,All
156.0,Northern,Rajasthan,Sawai Madhopur,Ranthambore Fort,Fort,Unknown,2.5,4.6,0,No,None,Heritage,Yes,0.12,All
157.0,Northern,Rajasthan,Sawai Madhopur,Trinetra Ganesh Temple,Temple,1300,1,4.5,0,No,None,Religious,Yes,0.4,All
158.0,Northern,Rajasthan,Sawai Madhopur,Kachida Valley,Valley,Unknown,2,4.3,0,No,None,Wildlife,Yes,0.6,All
159.0,Northern,Rajasthan,Sawai Madhopur,Rajiv Gandhi Regional Museum,Museum,2014,2,4.4,0,No,Monday,Historical,Yes,0.1,Afternoon
160.0,Northern,Rajasthan,Sawai Madhopur,Chauth Mata Temple,Temple,1555,1,4.5,0,No,None,Religious,Yes,0.4,All
161.0,Northern,Rajasthan,Pushkar,Pushkar Lake,Lake,1400,1.5,4.6,0,Yes,None,Religious,Yes,1.6,All
162.0,Northern,Rajasthan,Pushkar,Brahma Temple,Temple,1400,1,4.5,0,Yes,None,Religious,Yes,0.33,All
163.0,Northern,Rajasthan,Pushkar,Savitri Mata Temple,Temple,Unknown,2,4.4,0,Yes,None,Religious,Yes,0.49,All
164.0,Northern,Rajasthan,Pushkar,Pushkar Camel Fair,Cultural,Annual,3,4.5,0,Yes,None,Cultural,Yes,0.9,All
165.0,Northern,Rajasthan,Pushkar,Pushkar Bzaar,Market,Unknown,2,4.3,0,Yes,None,Heritage,Yes,0.8,All
166.0,Northern,Rajasthan,Pushkar,Man Mahal,Palace,1800,1,4.1,0,Yes,None,Scenic,Yes,0.6,All
167.0,Northern,Rajasthan,Ajmer,Ajmer Sharif Dargah,Shrine,1236,2,4.6,0,Yes,None,Religious,No,0.35,All
168.0,Northern,Rajasthan,Ajmer,Ana Sagar Lake,Lake,1200,1.5,4.4,0,Yes,None,Scenic,Yes,0.3,Evening
169.0,Northern,Rajasthan,Ajmer,Adhai Din ka Jhopra,Mosque,1200,1,4.3,0,Yes,None,Architectural,Yes,0.22,Afternoon
170.0,Northern,Rajasthan,Ajmer,Nareli Jsin Temple,Temple,2000,1.5,4.5,0,Yes,None,Architectural,Yes,0.5,Morning
171.0,Northern,Rajasthan,Ajmer,Akbar’s Palace,Museum,1600,1.5,4.1,10,Yes,None,Historical,Yes,0.33,Afternoon
172.0,Northern,Rajasthan,Jodhpur,Mehrangarh Fort,Fort,1459,2,4.6,100,Yes,None,Historical,Yes,0.64,All
173.0,Northern,Rajasthan,Jodhpur,Umaid Bhawan Palace ,Palace,2000,1.5,4.6,30,Yes,None,Architectural,Yes,0.4,Afternoon
174.0,Northern,Rajasthan,Jodhpur,Jaswant Thada,Cenotaph,1900,1,4.5,30,Yes,None,Heritage,Yes,0.14,Morning
175.0,Northern,Rajasthan,Jodhpur,Clock Tower and Sardar Market,Market,1900,1.5,4.3,0,Yes,None,Shopping,Yes,0.5,Afternoon
176.0,Northern,Rajasthan,Jodhpur,Toorji ka Jhalra,Stepwell,1800,1,4.4,0,Yes,None,Architectural,Yes,0.8,Morning
177.0,Northern,Rajasthan,Jodhpur,Chamunda Mata Temple,Temple,1500,1,4.6,0,Yes,None,Religious,Yes,0.5,Evening
178.0,Northern,Rajasthan,Chittorgarh,Chittorgarh Fort,Fort,700,3,4.6,40,No,None,Historical,Yes,1.9,All
179.0,Northern,Rajasthan,Chittorgarh,Vijay Stambh,Tower,1500,1,4.5,0,No,None,Heritage,Yes,0.9,All
180.0,Northern,Rajasthan,Chittorgarh,Kirti Stambh,Tower,1200,1,4.4,0,No,None,Historical,Yes,0.1,Afternoon
181.0,Northern,Rajasthan,Chittorgarh,Meera Temple,Temple,1600,1,4.5,0,No,None,Religious,Yes,0.12,Morning
182.0,Northern,Rajasthan,Chittorgarh,Kalika Mata Temple,Temple,800,1.5,4.4,0,No,None,Religious,Yes,0.11,All
183.0,Northern,Rajasthan,Chittorgarh,Sanwariaji Temple,Temple,1800,2,4.6,0,No,None,Religious,Yes,0.17,All
184.0,Northern,Rajasthan,Mount Abu,Dilwara Temples,Temple,1100,1,4.8,0,No,None,Religious,No,0.05,All
185.0,Northern,Rajasthan,Mount Abu,Nakki Lake,Lake,Unknown,1.5,4.5,100,No,None,Entertainment,Yes,0.1,Evening
186.0,Northern,Rajasthan,Mount Abu,Guru Shikhar,Peak,Unknown,1.5,4.6,0,No,None,Scenic,Yes,0.7,Morning
187.0,Northern,Rajasthan,Mount Abu,Sunset Point,Viewpoint,Unknown,1,4.5,0,No,None,Scenic,Yes,0.12,All
188.0,Northern,Rajasthan,Mount Abu,Toad Rock,Rock Formation,Unknown,1,4.4,0,No,None,Architectural,Yes,0.4,All
189.0,Northern,Rajasthan,Mount Abu,Peace Park,Park,2000,2,4.6,0,No,None,Spiritual,Yes,0.81,Afternoon
190.0,Northern,Rajasthan,Bikaner,Junagarh Fort,Fort,1589,2,4.5,50,No,None,Historical,Yes,0.32,All
191.0,Northern,Rajasthan,Bikaner,Laxmi Niwas Palace,Palace,2000,2,4.6,1200,No,None,Architectural,Yes,0.4,Afternoon
192.0,Northern,Rajasthan,Bikaner,Karni Mata Temple,Temple,1500,1,4.4,0,No,None,Religious,Yes,0.3,All
193.0,Northern,Rajasthan,Bikaner,Bhandsar Jain Temple,Temple,1468,1,4.5,0,No,None,Religious,Yes,0.2,All
194.0,Northern,Rajasthan,Bikaner,Ganjer Palace and Lake,Lake,2000,2,4.4,5000,No,None,Heritage,Yes,0.5,Night
195.0,Northern,Rajasthan,Bikaner,Shri Laximinath Temple,Temple,1400,1,4.4,0,No,None,Religious,Yes,0.1,Morning
196.0,Northern,Punjab,Amritsar,Golden Temple (Harmandir Sahib),Religious Site,1604,1.5,4.9,0,Yes,None,Spiritual,Yes,1.9,All
197.0,Northern,Punjab,Amritsar,Jallianwala Bagh,Memorial,1951,1,4.8,0,Yes,None,Historical,Yes,0.3,Afternoon
198.0,Northern,Punjab,Amritsar,Wagah Border,Border Crossing,1950,2,4.8,0,Yes,None,Cultural,Yes,0.17,Evening
199.0,Northern,Punjab,Amritsar,Partition Museum,Museum,2017,1.5,4.5,0,Yes,Monday,Historical,Yes,0.16,Afternoon
200.0,Northern,Punjab,Amritsar,Gobindgarh Fort,Fort,1800,2.5,4.4,0,Yes,None,Historical,Yes,0.15,Evening
201.0,Northern,Punjab,Amritsar,Maharaja Ranjit Singh Museum,Museum,1977,1.5,4.3,0,Yes,Monday,Historical,Yes,0.14,Afternoon
202.0,Northern,Punjab,Amritsar,Hall Bazar,Market,Unknown,1.5,4.2,0,Yes,None,Shopping,Yes,0.8,All
203.0,Northern,Punjab,Chandigarh,Rock Garden,Sculpture Garden,1976,2,4.5,30,Yes,None,Artistic,Yes,0.5,All
204.0,Northern,Punjab,Chandigarh,Sukhna Lake,Lake,1958,1.5,4.4,0,Yes,None,Scenic,Yes,0.4,Evening
205.0,Northern,Punjab,Chandigarh,Elante Mall,Mall,2013,2.5,4.5,0,Yes,None,Shopping,Yes,0.6,Afternoon
206.0,Northern,Punjab,Chandigarh,Leisure Valley,Park,1950,1.5,4.4,0,Yes,None,Cultural,Yes,0.3,Morning
207.0,Northern,Punjab,Chandigarh,Chandigarh Capitol Complex,Site,1950,1.5,4.6,0,Yes,Sunday,Heritage,Yes,0.13,Morning
208.0,Northern,Punjab,Chandigarh,International Dolls Museum,Museum,1985,1.5,4.3,10,Yes,None,Entertainment,Yes,0.2,Afternoon
209.0,Southern,Kerala,Alappuzha,Alappuzha Beach,Beach,Unknown,1.5,4.5,0,No,None,Recreational,Yes,0.11,All
210.0,Southern,Kerala,Alappuzha,Alleppey Backwaters,Natural Feature,Unknown,3.5,4.7,0,No,None,Scenic,Yes,0.14,Morning
211.0,Southern,Kerala,Alappuzha,Marari Beach,Beach,Unknown,2.5,4.5,0,No,None,Scenic,Yes,0.4,Afternoon
212.0,Southern,Kerala,Alappuzha,Pathiramanal Island,Island,Unknown,2.5,4.4,0,No,None,Botanical,Yes,0.6,All
213.0,Southern,Kerala,Alappuzha,Ambalappuuzha Sree Krishna Temple,Temple,1500,1.5,4.6,0,No,None,Religious,Yes,0.13,All
214.0,Southern,Kerala,Alappuzha,Vembanad Lake,Lake,Unknown,2.5,4.5,0,No,None,Natural Wonder,Yes,0.4,Afternoon
215.0,Southern,Kerala,Munnar,Munnar Tea Gardens,Scenic Area,Unknown,2,4.3,0,No,None,Nature,Yes,0.3,All
216.0,Southern,Kerala,Munnar,Tea Museums,Museum,2005,1.5,4.2,75,No,None,Educational,Yes,0.3,Morning
217.0,Southern,Kerala,Munnar,Eravikulam National Park,National Park,1978,3.5,4.5,0,No,None,Botanical,Yes,0.2,All
218.0,Southern,Kerala,Munnar,Top Station,Viewpoint,2000,2.5,4.6,0,No,None,Scenic,Yes,0.5,All
219.0,Southern,Kerala,Munnar,Anamudi Peak,Mountain Peak,Unknown,3.5,4.7,0,No,None,Trekking,Yes,0.7,All
220.0,Southern,Kerala,Munnar,Attukal Waterfalls,Waterfall,Unknown,1.5,4.4,0,No,None,Scenic,Yes,0.15,All
221.0,Southern,Kerala,Kochi,Fort Kochi,Site,1503,1,4.4,0,Yes,None,Historical,Yes,0.1,All
222.0,Southern,Kerala,Kochi,Kerala Folklore Museum,Cultural,2009,1.5,4.4,100,Yes,Monday,Cultural,Yes,0.1,All
223.0,Southern,Kerala,Kochi,Wonderla Amusement Park,Amusement Park,2016,5.5,4.6,750,Yes,None,Entertainment,Yes,0.41,All
224.0,Southern,Kerala,Kochi,Santa Cruz Basilica,Religious Site,1505,1.5,4.6,0,Yes,None,Historical,Yes,0.5,All
225.0,Southern,Kerala,Kochi,Hill Palace Museum,Museum,1865,2.5,4.4,50,Yes,Monday,Heritage,Yes,0.2,All
226.0,Southern,Kerala,Kochi,Cherai Beach,Beach,Unknown,2.5,4.5,0,Yes,None,Entertainment,Yes,0.5,Evening
227.0,Southern,Kerala,Thiruvananthapuram,Padmanabhaswamy Temple,Temple,Unknown,1,4.7,0,Yes,None,Religious,No,0.46,All
228.0,Southern,Kerala,Thiruvananthapuram,Napier Museum,Museum,1880,1.5,4.4,20,Yes,Monday,Historical,Yes,0.22,Afternoon
229.0,Southern,Kerala,Thiruvananthapuram,Kovalam Beach,Beach,Unknown,2.5,4.6,0,Yes,None,Scenic,Yes,0.3,Evening
230.0,Southern,Kerala,Thiruvananthapuram,Thiruvananthapuram Zoo,Zoo,1857,2.5,4.4,200,Yes,Monday,Wildlife,Yes,0.21,Morning
231.0,Southern,Kerala,Thiruvananthapuram,Ponmudi Hill Station,Hill,Unknown,7,4.5,0,Yes,None,Entertainment,Yes,0.11,Morning
232.0,Southern,Kerala,Thiruvananthapuram,Vizhinjam Lighthouse,Lighthouse,1972,1,4.5,10,Yes,None,Scenic,Yes,0.42,All
233.0,Southern,Kerala,Kozhikode,Kozhikode Beach,Beach,Unknown,1.5,3.9,0,Yes,None,Recreational,Yes,0.059,All
234.0,Southern,Kerala,Kozhikode,Kappad Beach,Beach,Unknown,1.5,4.5,0,Yes,None,Scenic,Yes,0.05,Evening
235.0,Southern,Kerala,Kozhikode,SM Street,Market,Unknown,1.5,4.3,0,Yes,None,Market,Yes,0.04,Afternoon
236.0,Southern,Kerala,Kozhikode,Tali Shiva Temple,Religious Site,1200,1,4.6,0,Yes,None,Architectural,No,0.2,Morning
237.0,Southern,Kerala,Kozhikode,Beypore Port and Beach,Beach,Unknown,2.5,4.4,0,Yes,None,Scenic,Yes,0.3,Evening
238.0,Southern,Kerala,Kozhikode,Thushsaragari Waterfalls,Waterfall,Unknown,2.5,4.5,0,Yes,None,Trekking,Yes,0.2,Morning
239.0,Southern,Kerala,Wayanad,Wayanad Wildlife Sanctuary,Wildlife Sanctuary,Unknown,3,4.5,300,No,None,Wildlife,Yes,2.2,All
240.0,Southern,Kerala,Wayanad,Edakkal Caves,Historical,Unknown,1.5,4.5,20,No,None,Historical,Yes,0.17,Morning
241.0,Southern,Kerala,Wayanad,Chembra Peak,Mountain Peak,Unknown,4,4.6,500,No,None,Scenic,Yes,0.8,All
242.0,Southern,Kerala,Wayanad,Banasura Sagar Dam,Dam,2004,1.5,4.4,10,No,None,Scenic,Yes,1.2,Afternoon
243.0,Southern,Kerala,Wayanad,Thirnuelli Temple,Temple,Unknown,1.5,4.6,0,No,None,Religious,No,1,Morning
245.0,Southern,Kerala,Wayanad,Soochipara Falls,Waterfall,Unknown,1.5,4.5,30,No,None,Trekking,Yes,1,All
246.0,Southern,Kerala,Thekkady,Periyar National Park,National Park,1982,3,4.3,50,No,None,Wildlife,Yes,0.14,All
247.0,Southern,Kerala,Thekkady,Elephant Junction,Activity,Unknown,1.5,4,400,No,None,Entertainment,Yes,1.2,Morning
248.0,Southern,Kerala,Thekkady,Abraham’s Spice Garden,Plantation,Unknown,1.5,4.5,100,No,None,Educational,Yes,0.8,All
249.0,Southern,Kerala,Thekkady,Mangala Devi Temple,Temple,Unknown,2.5,4.2,0,No,None,Religious,Yes,0.5,Morning
250.0,Southern,Kerala,Thekkady,Spring Valley Mountain,Viewpoint,Unknown,1.5,4.4,0,No,None,Scenic,Yes,0.7,All
251.0,Southern,Kerala,Thekkady,Tribal Heritage Museum,Museum,Unknown,1,4.2,50,No,None,Cultural,Yes,0.4,All
252.0,Southern,Kerala,Kumarakom,Kumarakom Bird Sanctuary,Bird Sanctuary,1972,2,3.8,50,No,None,Wildlife,Yes,0.1,All
253.0,Southern,Kerala,Kumarakom,Kumarakom Beach,Beach,Unknown,1.5,4,0,No,None,Scenic,Yes,1,Evening
254.0,Southern,Kerala,Kumarakom,Vembanad Lake,Lake,Unknown,1.5,4.5,0,No,None,Scenic,Yes,2,Evening
255.0,Southern,Kerala,Kumarakom,Aruvikkuzhi Waterfalls,Waterfall,Unknown,1.5,4.3,0,No,None,Scenic,Yes,0.7,Morning
256.0,Southern,Kerala,Kumarakom,Pathiramanal Island,Island,Unknown,2,4.2,0,No,None,Scenic,Yes,0.8,Morning
257.0,Southern,Kerala,Kumarakom,Thirunakkara Mahadeva Temple,Temple,1600,1,4.6,0,No,None,Historical,No,1,All
258.0,Southern,Kerala,Varkala,Varkala Beach,Beach,Unknown,2,4.6,0,Yes,None,Recreational,Yes,0.1,All
259.0,Southern,Kerala,Varkala,Varkala Cliff,Cliff,Unknown,1.5,4.5,0,Yes,None,Scenic,Yes,2.5,Evening
260.0,Southern,Kerala,Varkala,Janardanaswamy Temple,Temple,Unknown,1,4.2,0,Yes,None,Religious,Yes,1.8,Morning
261.0,Southern,Kerala,Varkala,Black Sand Beach,Beach,Unknown,1.5,4.3,0,Yes,None,Entertainment,Yes,0.6,All
262.0,Southern,Kerala,Varkala,Edava Beach,Beach,Unknown,1.5,4.2,0,Yes,None,Scenic,Yes,0.4,Evening
263.0,Southern,Kerala,Varkala,Kappil Lake,Lake,Unknown,1.5,4.1,0,Yes,None,Scenic,Yes,0.5,All
264.0,Southern,Kerala,Bekal,Bekal Fort,Fort,1650,2.5,4.5,20,No,None,Historical,Yes,0.22,All
265.0,Southern,Kerala,Bekal,Bekal Beach,Beach,Unknowm,1.5,4.1,20,No,None,Scenic,Yes,1.2,All
266.0,Southern,Kerala,Bekal,Valiyaparamba Beach,Backwaters,Unknowm,2.5,4.5,0,No,None,Scenic,Yes,0.6,Morning
267.0,Southern,Kerala,Bekal,Chandragiri Fort,Fort,1700,1.5,4,0,No,None,Architectural,Yes,0.5,All
268.0,Southern,Kerala,Bekal,Ananthapura Lake Temple,Temple,Unknown,1,4.6,0,No,None,Religious,No,0.4,Morning
269.0,Southern,Kerala,Bekal,Malik Denaar Mosque,Mosque,Unknown,1,4.3,0,No,None,Architectural,No,0.3,
270.0,Southern,Kerala,Kovalam,Kovalam Beach,Beach,Unknown,2,4.4,0,Yes,None,Recreational,Yes,0.68,All
271.0,Southern,Kerala,Kovalam,Lighthouse Beach,Beach,Unknown,2.5,4.1,0,Yes,None,Scenic,Yes,1.6,All
272.0,Southern,Kerala,Kovalam,Vizhinjam Lighthouse,Lighthouse,1972,1,4.3,10,Yes,Monday,Scenic,Yes,0.6,All
273.0,Southern,Kerala,Kovalam,Kerala Art and Craft Village,Cultural,Unknown,2.5,4.3,0,Yes,Monday,Artistic,Yes,0.3,Aternoon
274.0,Southern,Kerala,Kovalam,Kovalam Art Gallery,Art Gallery,Unknown,1.5,4.2,0,Yes,None,Artistic,Yes,0.2,All
275.0,Southern,Kerala,Kovalam,Valiyathura Pier,Pier,Unknown,1,4.1,0,Yes,None,Scenic,Yes,0.3,Evening
276.0,Southern,Kerala,Kannur,St. Angelo Fort,Fort,1505,1,4.4,20,Yes,None,Historical,Yes,0.11,All
277.0,Southern,Kerala,Kannur,Muzhappilangad Drive-in-Beach,Beach,Unknown,2.5,4.5,0,Yes,None,Scenic,Yes,0.7,All
278.0,Southern,Kerala,Kannur,Payyambalam Beach,Beach,Unknown,1.5,4.1,0,Yes,None,Entertainment,Yes,0.3,All
279.0,Southern,Kerala,Kannur,Palakkayam Thattu,Hill Station,Unknown,2.5,4.5,0,Yes,None,Scenic,Yes,0.06,Morning
280.0,Southern,Kerala,Kannur,Dharmadam Island,Island,Unknown,2,4.3,0,Yes,None,Natural Wonder,Yes,0.1,All
281.0,Southern,Kerala,Kannur,Madayipara,Plateau,Unknown,2.5,4.4,0,Yes,None,Historical,Yes,0.05,All
282.0,Southern,Kerala,Nelliyampathy,Seethargundu Viewpoint,Viewpoint,Unknown,1,4.5,0,No,None,Nature,Yes,0.03,Morning
283.0,Southern,Kerala,Nelliyampathy,Pothundi Dam,Dam,1900,1.5,4.4,0,No,None,Nature,Yes,0.3,All
284.0,Southern,Kerala,Nelliyampathy,Parambikulam Wildlife Scantuary,Wildlife Sanctuary,1973,3.5,4.6,50,No,None,Biodiversity,Yes,0.4,Evening
285.0,Southern,Kerala,Nelliyampathy,Padagiri,Peak,Unknown,2.5,4.3,0,No,None,Trekking,Yes,0.2,Morning
286.0,Southern,Kerala,Nelliyampathy,Poabs Organic Estates,Plantation,Unknown,2.5,4.5,0,No,None,Botanical,Yes,0.2,All
287.0,Southern,Kerala,Nelliyampathy,Kesavanpara Viewoint,Viewpoint,Unknown,1.5,4.3,0,No,None,Scenic,Yes,0.1,All
288.0,Southern,Karnataka,Mysore,Mysore Palace,Palace,1912,2,4.6,70,Yes,None,Historical,Yes,2.5,All
289.0,Southern,Karnataka,Mysore,Brindavan Gardens,Garden,1932,1.5,4.4,50,Yes,None,Architectural,Yes,1,All
290.0,Southern,Karnataka,Mysore,Chamundi Hill and Temple,Religious Site,1200,1.5,4.5,0,Yes,None,Scenic,Yes,0.8,Morning
291.0,Southern,Karnataka,Mysore,Mysore Zoo,Zoo,1892,2.5,4.5,60,Yes,Tuesday,Wildlife,Yes,1,All
292.0,Southern,Karnataka,Mysore,St. Philomena's Church,Religious Site,1936,1,4.4,0,Yes,None,Architectural,Yes,0.5,All
293.0,Southern,Karnataka,Mysore,Lalitha Mahal and Palace,Palace,1921,2,4.4,0,Yes,None,Heritage,Yes,0.2,Afternoon
294.0,Southern,Karnataka,Hampi,Hampi Archaeological Ruins,Site,Unknown,3,4.7,0,Yes,None,Historical,Yes,0.05,All
295.0,Southern,Karnataka,Hampi,Virupaksha Temple,Temple,Unknown,1.5,4.6,10,Yes,None,Religious,Yes,1.5,Morning
296.0,Southern,Karnataka,Hampi,Vittala Temple,Temple,Unknown,3,4.7,30,Yes,None,Scenic,Yes,1.2,All
297.0,Southern,Karnataka,Hampi,Lotus Mahal,Monument,1500,1,4.5,10,Yes,None,Architectural,Yes,0.8,Afternoon
298.0,Southern,Karnataka,Hampi,Matanga Hill,Viewpoint,Unknown,2,4.6,0,Yes,None,Scenic,Yes,0.5,Evening
299.0,Southern,Karnataka,Hampi,Yantrodhraka Hanuman Temple,Temple,Unknown,2,4.6,0,Yes,None,Historical,Yes,0.3,
300.0,Southern,Karnataka,Coorg,Abbey Falls,Waterfall,Unknown,1,4.1,0,Yes,None,Nature,Yes,0.03,Morning
301.0,,,,,,,,,,,,,,,
302.0,,,,,,,,,,,,,,,
303.0,,,,,,,,,,,,,,,
304.0,,,,,,,,,,,,,,,
305.0,,,,,,,,,,,,,,,
306.0,Southern,Karnataka,Gokarna,Om Beach,Beach,Unknown,2,4.5,0,No,None,Nature,Yes,0.09,All
307.0,,,,,,,,,,,,,,,
308.0,,,,,,,,,,,,,,,
309.0,,,,,,,,,,,,,,,
310.0,,,,,,,,,,,,,,,
311.0,,,,,,,,,,,,,,,
312.0,Southern,Karnataka,Chikmagalur,Mullayanagiri,Mountain Peak,Unknown,3,4.5,0,No,None,Nature,Yes,0.05,All
313.0,,,,,,,,,,,,,,,
314.0,,,,,,,,,,,,,,,
315.0,,,,,,,,,,,,,,,
316.0,,,,,,,,,,,,,,,
317.0,,,,,,,,,,,,,,,
318.0,Southern,Karnataka,Badami,Badami Cave Temples,Cave,600,1.5,4.6,30,No,None,Religious,No,0.2,All
319.0,,,,,,,,,,,,,,,
320.0,,,,,,,,,,,,,,,
321.0,,,,,,,,,,,,,,,
322.0,,,,,,,,,,,,,,,
323.0,,,,,,,,,,,,,,,
324.0,Southern,Karnataka,Shivamogga,Jog Falls,Waterfall,1900,1.5,4.6,30,No,None,Nature,Yes,0.23,Morning
325.0,,,,,,,,,,,,,,,
326.0,,,,,,,,,,,,,,,
327.0,,,,,,,,,,,,,,,
328.0,,,,,,,,,,,,,,,
329.0,,,,,,,,,,,,,,,
330.0,Southern,Karnataka,Mangalore,Panambur Beach,Beach,Unknown,1.5,4.5,0,Yes,None,Recreational,Yes,0.1,All
331.0,,,,,,,,,,,,,,,
332.0,,,,,,,,,,,,,,,
333.0,,,,,,,,,,,,,,,
334.0,,,,,,,,,,,,,,,
335.0,,,,,,,,,,,,,,,
336.0,Southern,Karnataka,Murudeshwar,Murudeshwar Temple,Temple,Unknown,1,4.7,0,Yes,None,Religious,No,0.49,All
337.0,,,,,,,,,,,,,,,
338.0,,,,,,,,,,,,,,,
339.0,,,,,,,,,,,,,,,
340.0,,,,,,,,,,,,,,,
341.0,,,,,,,,,,,,,,,
342.0,Southern,Karnataka,Bijapur,Gol Gumbaz,Mausoleum,1656,1.5,4.5,20,No,None,Historical,Yes,0.25,All
343.0,,,,,,,,,,,,,,,
344.0,,,,,,,,,,,,,,,
345.0,,,,,,,,,,,,,,,
346.0,,,,,,,,,,,,,,,
347.0,,,,,,,,,,,,,,,
348.0,Southern,Karnataka,Bandipur,Bandipur National Park,National Park,1974,3,4.4,300,No,None,Wildlife,Yes,0.15,Morning
349.0,,,,,,,,,,,,,,,
350.0,,,,,,,,,,,,,,,
351.0,,,,,,,,,,,,,,,
352.0,,,,,,,,,,,,,,,
353.0,,,,,,,,,,,,,,,
354.0,Southern,Karnataka,Halebidu,Halebidu Hoysaleswara Temple,Temple,1121,1,4.7,15,No,None,Religious,No,0.11,All
355.0,,,,,,,,,,,,,,,
356.0,,,,,,,,,,,,,,,
357.0,,,,,,,,,,,,,,,
358.0,,,,,,,,,,,,,,,
359.0,,,,,,,,,,,,,,,
360.0,Western,Maharastra,Pune,Shaniwar Wada,Fort,1732,2,4.4,50,Yes,None,Historical,Yes,1.2,All
361.0,Western,Maharastra,Aurangabad,Ajanta Caves,Cave,200,3,4.6,30,Yes,Monday,Historical,Yes,0.21,Afternoon
362.0,Western,Maharastra,Nashik,Sula Vineyards,Vineyard,1999,2,4.1,300,Yes,None,Recreational,Yes,0.1,Afternoon
363.0,Western,Maharastra,Shirdi,Sai Baba Temple,Temple,1922,1.5,4.7,0,Yes,None,Religious,No,0.69,All
364.0,Western,Maharastra,Alibaug,Alibaug Beach,Beach,Unknown,1.5,4.2,0,Yes,None,Recreational,Yes,0.05,Evening
365.0,Western,Maharastra,Ratnagiri,Ganapatipule Temple,Temple,1600,1,4.7,0,No,None,Religious,No,0.1,All
366.0,Western,Maharastra,Nagpur,Deekshabhoomi,Monument,2001,1,4.5,0,Yes,None,Religious,Yes,0.11,Afternoon
367.0,Western,Maharastra,Kolhapur,Mahalakshmi Temple,Temple,700,1,4.8,0,Yes,None,Religious,No,0.9,All
368.0,Western,Maharastra,Lonavala,Karla Caves,Cave,200,1.5,4.4,25,Yes,Yes,Historical,Yes,0.27,Afternoon
369.0,Western,Maharashtra,Tarkarli,Tarkarli Beach,Beach,Unknown,2,4.6,0,No,None,Recreational,Yes,0.065,Evening
133.0,Western,Maharashtra,Satara,Kaas Plateau,Valley,Unknown,2,4.4,300,No,None,Nature,Yes,0.05,Afternoon
134.0,Western,Maharashtra,Matheran,Echo Point,Viewpoint,1828,1.5,4.4,0,Yes,None,Nature,Yes,0.02,Morning
135.0,Western,Maharashtra,Ajanta,Ellora Caves,Cave,600,3,4.7,30,Yes,Tuesday,Historical,Yes,0.49,Afternoon
136.0,Central,Madhya Pradesh,Khajuraho,Khajuraho Group of Monuments,Temples,-850,2,4.7,40,No,None,Cultural,Yes,0.09,Afternoon
137.0,Central,Madhya Pradesh,Bhopal,Sanchi Stupa,Monument,-300,1.5,4.7,30,Yes,None,Historical,Yes,0.01,Afternoon
138.0,Central,Madhya Pradesh,Indore,Rajwada Palace,Palace,1747,1,4.4,10,Yes,None,Historical,Yes,0.63,Afternoon
139.0,Central,Madhya Pradesh,Gwalior,Gwalior Fort,Fort,900,2.5,4.5,75,Yes,None,Historical,Yes,0.4,Morning
140.0,Central,Madhya Pradesh,Ujjain,Mahakaleshwar Jyotirlinga,Temple,-3500,1.5,4.8,0,Yes,None,Religious,No,1.2,All
141.0,Central,Madhya Pradesh,Jabalpur,Dhuandhar Falls,Waterfall,Unknown,1,4.5,0,No,None,Nature,Yes,0.01,Morning
142.0,Central,Madhya Pradesh,Pachmarhi,Bee Falls,Waterfall,Unknown,1.5,4.6,15,No,None,Nature,Yes,0.065,Morning
143.0,Central,Madhya Pradesh,Kanha,Kanha National Park,Wildlife Sanctuary,1955,3,4.5,100,No,None,Wildlife,Yes,0.1,Morning
144.0,Central,Madhya Pradesh,Bandhavgarh,Bandhavgarh National Park,National Park,1968,3,4.5,50,No,None,Wildlife,Yes,0.05,Morning
145.0,Central,Madhya Pradesh,Orchha,Orchha Fort,Fort,1500,1.5,4.8,10,No,None,Historical,Yes,0.1,Afternoon
146.0,Central,Madhya Pradesh,Mandu,Jahaz Mahal,Site,1500,1,3.9,50,No,None,Historical,Yes,0.03,Afternoon
147.0,Central,Madhya Pradesh,Bhimbetka,Bhimbetka Rock Shelters,Prehistoric Site,1958,2,4.6,25,No,None,Archaeological,Yes,0.07,Afternoon
148.0,Central,Madhya Pradesh,Amarkantak,Narmada Udgam Temple,Temple,1200,1,4.4,0,No,None,Religious,Yes,0.01,All
149.0,Central,Madhya Pradesh,Chitrakoot,Chitrakoot Falls,Waterfall,Unknown,1.5,4.4,0,No,None,Nature,Yes,0.1,Morning
150.0,Northern,Himachal Pradesh,Shimla,The Ridge,Scenic Point,Unknown,1,4.7,0,Yes,None,Recreational,Yes,0.03,Morning
151.0,Northern,Himachal Pradesh,Manali,Solang Valley,Valley,Unknown,2,4.1,0,No,None,Adventure,Yes,0.05,Morning
152.0,Northern,Himachal Pradesh,dalhousie,Dalai Lama Temple,Temple,1959,1.5,4.7,0,Yes,None,Religious,No,0.15,All
153.0,Northern,Himachal Pradesh,Dalhousie,Khajjiar Lake,Lake,Unknown,1.5,4.5,0,No,None,Nature,Yes,0.1,Morning
154.0,Northern,Himachal Pradesh,Spiti Valley,Key Monastery,Monastery,1100,1,4.8,0,No,None,Religious,Yes,0.025,Morning
155.0,Northern,Himachal Pradesh,Kullu,Great Himalayan National Park,National Park,1984,3,4.5,50,No,None,Wildlife,Yes,0.2,All
156.0,Northern,Himachal Pradesh,Chamba,Chamera Lake,Lake,Unknown,2,4.4,0,No,None,Recreational,Yes,0.01,Morning
157.0,Northern,Himachal Pradesh,Kinnaur,Sangla Valley,Valley,Unknown,2,4.5,0,No,None,Nature,Yes,0.01,Morning
158.0,Northern,Himachal Pradesh,Kangra,Kangra Fort,Fort,400,2,4.4,150,Yes,None,Historical,Yes,0.1,All
159.0,Northern,Himachal Pradesh,Palampur,Tea Gardens,Tea Plantation,1950,1.5,4.6,0,Yes,None,Agricultural,Yes,0.015,Morning
160.0,Northern,Himachal Pradesh,Mandi,Prashar Lake,Lake,1400,1.5,4.6,0,No,None,Nature,Yes,0.01,Morning
161.0,Northern,Himachal Pradesh,Bir Billing,Paragliding Site,Adventure Sport,2005,2,4.8,2500,No,None,Adventure,Yes,0.01,All
162.0,Northern,Himachal Pradesh,McLeod Ganj,Triund Trek,Trekking,Unknown,5,4.8,0,Yes,None,Adventure,Yes,0.01,Morning
163.0,Northern,Himachal Pradesh,Manikaran,Manikaran Sahib,Gurudwara,1980,1,4.6,0,No,None,Religious,Yes,1.3,Morning
164.0,Northern,Himachal Pradesh,Narkanda,Hatu Peak,Viewpoint,Unknown,2,4.5,0,Yes,None,Nature,Yes,1.1,All
165.0,Northern,Himachal Pradesh,Barot,Barot Valley,Valley,Unknown,2,4.7,0,No,None,Nature,Yes,1.2,Morning
166.0,Northern,Himachal Pradesh,Shoja,Serolsar Lake,Lake,Unknown,2.5,4.4,0,No,None,Nature,Yes,0.9,Morning
167.0,Northern,Himachal Pradesh,Kufri,Kufri Fun World,Ski Resort,1975,5,3.8,1500,Yes,None,Recreational,Yes,0.1,All
168.0,Northern,Uttarakhand,Nainital,Naini Lake,Lake,Unknown,1.5,4.2,0,Yes,None,Nature,Yes,0.01,Morning
169.0,Northern,Uttarakhand,Rishikesh,Laxman Jhula,Suspension Bridge,1939,1,4.4,0,Yes,None,Cultural,Yes,0.03,Morning
170.0,Northern,Uttarakhand,Haridwar,Har Ki Pauri,Ghat,Unknown,1,4.5,0,Yes,None,Religious,Yes,0.025,All
171.0,Northern,Uttarakhand,Dehradun,Robber's Cave,Cave,Unknown,1.5,4.5,25,Yes,None,Nature,Yes,0.01,Morning
172.0,Northern,Uttarakhand,Mussoorie,Kempty Falls,Waterfall,Unknown,1.5,4.2,15,Yes,None,Nature,Yes,0.55,Morning
173.0,Northern,Uttarakhand,Auli,Auli Ski Resort,Ski Resort,1990,3,4.5,0,No,None,Adventure,Yes,0.01,Morning
174.0,Northern,Uttarakhand,Badrinath,Badrinath Temple,Temple,-820,1,4.8,0,No,None,Religious,No,0.29,All
175.0,Northern,Uttarakhand,Almora,Binsar Wildlife Sanctuary,Wildlife Sanctuary,1988,2,4.3,150,No,None,Wildlife,Yes,0.01,All
176.0,Northern,Uttarakhand,Ranikhet,Chaubatia Gardens,Orchard,1868,1,4,50,No,None,Recreational,Yes,0.025,All
177.0,Northern,Uttarakhand,Jim Corbett,Jim Corbett National Park,National Park,1936,3,4.4,100,Yes,None,Wildlife,Yes,0.3,All
178.0,Northern,Uttarakhand,Uttarkashi,Gangotri Temple,Temple,1751,1,4.8,0,No,None,Religious,No,0.05,All
179.0,Northern,Uttarakhand,Chopta,Tungnath Temple,Temple,751,2,4.8,0,No,None,Religious,No,0.09,All
180.0,Northern,Uttarakhand,Joshimath,Valley of Flowers,National Park,1982,5,4.7,150,No,None,Nature,Yes,0.035,Morning
181.0,Central,Uttar Pradesh,Agra,Taj Mahal,Mausoleum,1632,2,4.6,50,Yes,Friday,Historical,Yes,2.25,Morning
182.0,Central,Uttar Pradesh,Varanasi,Kashi Vishwanath Temple,Temple,Unknown,1,4.7,0,Yes,None,Religious,No,0.9,All
183.0,Central,Uttar Pradesh,Lucknow,Bara Imambara,Monument,1784,1.5,4.4,50,Yes,Monday,Historical,No,0.45,All
184.0,Central,Uttar Pradesh,Mathura,Krishna Janmabhoomi,Temple,Unknown,1,4.7,0,Yes,None,Religious,No,0.13,All
185.0,Central,Uttar Pradesh,Ayodhya,Ram Janmabhoomi,Religious Site,Unknown,1,4.8,0,Yes,None,Religious,No,0.025,All
186.0,Central,Uttar Pradesh,Vrindavan,Banke Bihari Temple,Temple,1864,1,4.8,0,Yes,None,Religious,No,0.37,All
187.0,Central,Uttar Pradesh,Allahabad,Triveni Sangam,Confluence,Unknown,1,4.5,0,Yes,None,Religious,Yes,0.09,Morning
188.0,Central,Uttar Pradesh,Jhansi,Jhansi Fort,Fort,1613,1.5,4.4,15,Yes,None,Historical,Yes,0.25,All
189.0,Central,Uttar Pradesh,Sarnath,Dhamek Stupa,Monument,-500,1,4.6,5,Yes,None,Historical,Yes,0.065,All
190.0,Central,Uttar Pradesh,Fatehpur Sikri,Buland Darwaza,Monument,1571,2,4.4,40,Yes,None,Historical,Yes,0.07,Afternoon
191.0,Central,Uttar Pradesh,Noida,Okhla Bird Sanctuary,Bird Sanctuary,1990,1.5,4.3,30,Yes,None,Wildlife,Yes,0.035,All
192.0,Central,Uttar Pradesh,Aligarh,Aligarh Fort,Fort,1524,1,4.1,20,Yes,None,Historical,Yes,0.0165,Afternoon
193.0,Central,Uttar Pradesh,Meerut,Augarnath Temple,Temple,Unknown,1,4.8,0,Yes,None,Religious,No,0.045,All
194.0,Central,Uttar Pradesh,Kanpur,Allen Forest Zoo,Zoo,1971,2,4.2,150,Yes,Monday,Wildlife,Yes,0.21,All
195.0,Northern,Jammu and Kashmir,Srinagar,Dal Lake,Lake,Unknown,2,4.6,0,Yes,None,Nature,Yes,0.15,Morning
196.0,Northern,Ladakh,Leh,Pangong Tso,Lake,Unknown,2,4.9,20,Yes,None,Nature,Yes,0.15,Morning
197.0,Northern,Jammu and Kashmir,Pahalgam,Betaab Valley,Valley,Unknown,2,4.6,100,No,None,Nature,Yes,0.11,All
198.0,Northern,Jammu and Kashmir,Jammu,Vaishno Devi,Temple,Unknown,5,4.7,0,Yes,None,Religious,No,0.55,All
199.0,Northern,Jammu and Kashmir,Udhampur,Patnitop Height,Hill,Unknown,2,4.1,0,No,None,Recreational,Yes,0.01,All
200.0,Northern,Jammu and Kashmir,Anantnag,Amarnath Cave,Temple,Unknown,6,4.5,0,No,None,Religious,Yes,0.11,All
201.0,Northern,Ladakh,Leh,Thiksey Monastery,Monastery,1430,1.5,4.7,20,Yes,None,Religious,No,0.05,All
202.0,Northern,Ladakh,Nubra Valley,Nubra Valley,Valley,Unknown,2,4.5,0,No,None,Nature,Yes,0.1,All
203.0,Northern,Ladakh,Kargil,Kargil War Memorial,War Memorial,24,1,4.8,0,No,None,Historical,Yes,0.011,All
204.0,Northern,Ladakh,Diskit,Diskit Monastery,Monastery,1351,1,4.7,20,No,None,Religious,No,0.015,Morning
205.0,Northern,Jammu and Kashmir,Kishtwar,Kishtwar National Park,National Park,1981,3,4.3,100,No,None,Wildlife,Yes,0.01,All
206.0,Northern,Ladakh,Hemis,Hemis National Park,National Park,1981,4,4.4,20,No,None,Wildlife,Yes,0.02,All
207.0,Northern,Ladakh,Dras,Dras War Memorial,War Memorial,Unknown,1,4.8,0,No,None,Historical,Yes,0.012,All
208.0,Northern,Ladakh,Leh,Magnetic Hill,Gravity Hill,Unknown,0.5,3.7,0,Yes,None,Nature,Yes,0.1,All
209.0,Northern,Ladakh,Leh,Khardung La Pass,Hill,Unknown,1,4.5,0,Yes,None,Adventure,Yes,0.05,Afternoon
210.0,Northern,Ladakh,Leh,Thiksey Monastery,Monastery,1430,1.5,4.7,30,Yes,None,Religious,No,0.05,All
211.0,Central,Uttar Pradesh,Vrindavan,Prem Mandir,Temple,2012,1.5,4.8,0,Yes,None,Religious,Yes,0.49,Evening
212.0,Central,Uttar Pradesh,Porbandar,Kirti Mandir,Memorial,1950,1,4.8,0,Yes,None,Historical,Yes,0.03,Morning
213.0,Central,Uttar Pradesh,Mathura,Nand Gaon,Village,Unknown,1,4.1,0,Yes,None,Cultural,Yes,0.01,Morning
214.0,Central,Uttar Pradesh,Mathura,Barsana Mandir,Temple,Unknown,1,4.8,0,Yes,None,Religious,Yes,0.1,Morning
215.0,Eastern,West Bengal,Darjeeling,Tiger Hill,Sunrise Point,Unknown,1,4.5,0,No,None,Nature,Yes,0.025,All
216.0,Eastern,West Bengal,Siliguri,Jaldapara National Park,Wildlife Sanctuary,1941,3,4.4,250,Yes,None,Wildlife,Yes,0.035,All
217.0,Eastern,West Bengal,Sundarbans,Sundarbans National Park,National Park,1984,4,4.4,60,No,None,Wildlife,Yes,0.065,All
218.0,Eastern,West Bengal,Digha,Digha Beach,Beach,Unknown,1.5,4.5,0,No,None,Recreational,Yes,0.09,Morning
219.0,Eastern,West Bengal,Murshidabad,Hazarduari Palace,Palace,1837,1.5,4.5,10,Yes,Friday,Historical,Yes,0.18,Morning
220.0,Eastern,West Bengal,Bolpur,Kankalitala Temple,Temple,Unknown,0.5,4.7,0,Yes,None,Religious,No,0.045,All
221.0,Eastern,West Bengal,Hooghly,Hangseswari Temple,Temple,1814,0.5,4.6,0,Yes,None,Architectural,No,0.07,All
222.0,Eastern,West Bengal,Jalpaiguri,Gorumara National Park,National Park,1949,3,4.4,100,Yes,None,Wildlife,Yes,0.07,All
223.0,Eastern,West Bengal,Cooch Behar,Cooch Behar Palace,Palace,1887,1,4.5,20,Yes,Friday,Historical,Yes,0.09,All
224.0,Eastern,West Bengal,Purulia,Ayodhya Hills,Hill,Unknown,2.5,4.5,0,No,None,Nature,Yes,0.15,All
225.0,Eastern,Odisha,Puri,Jagannath Temple,Temple,12th century,2,4.7,0,Yes,None,Religious,No,1,All
226.0,Eastern,Odisha,Konark,Sun Temple,Temple,1250,1.5,4.7,40,Yes,None,Historical,Yes,0.83,All
227.0,Eastern,Odisha,Bhubaneswar,Lingaraj Temple,Temple,11th century,1,4.6,0,Yes,None,Religious,No,0.35,All
228.0,Eastern,Odisha,Rourkela,Khandadhar Waterfall,Waterfall,Unknown,1.5,4.5,0,No,None,Nature,Yes,1.2,All
229.0,Eastern,Odisha,Cuttack,Barabati Fort,Fort,-987,1,4.5,0,Yes,None,Historical,Yes,0.13,All
230.0,Eastern,Odisha,Sambalpur,Hirakud Dam,Dam,1957,1,4.5,0,No,None,Engineering Marvel,Yes,0.01,All
231.0,Eastern,Odisha,Chilika,Chilika Lake,Lake,Unknown,2,3.9,0,Yes,None,Nature,Yes,0.1,Morning
232.0,Eastern,Odisha,Berhampur,Tara Tarini Temple,Temple,Ancient,1,4.6,0,Yes,None,Religious,No,0.01,All
233.0,Eastern,Odisha,Keonjhar,Badaghagara Waterfall,Waterfall,Unknown,1,4.3,0,No,None,Nature,Yes,0.018,Morning
234.0,Eastern,Odisha,Balasore,Chandipur Beach,Beach,Unknown,1.5,4.2,0,Yes,None,Recreational,Yes,0.014,Morning
235.0,Eastern,Odisha,Kendujhar,Sanaghagara Waterfall,Waterfall,Unknown,1,4.4,0,No,None,Nature,Yes,0.055,All
236.0,Southern,Tamil Nadu,Chennai,Marina Beach,Beach,Unknown,1.5,3.9,0,Yes,None,Recreational,Yes,0.1,Morning
237.0,Southern,Tamil Nadu,Madurai,Meenakshi Amman Temple,Temple,6th century AD,2,4.7,0,Yes,None,Religious,No,0.65,All
238.0,Southern,Tamil Nadu,Rameswaram,Ramanathaswamy Temple,Temple,12th century,1.5,4.6,0,No,None,Religious,No,0.01,All
239.0,Southern,Tamil Nadu,Kanyakumari,Vivekananda Rock Memorial,Memorial,1970,1,4.6,20,Yes,None,Historical,No,0.47,Morning
240.0,Southern,Tamil Nadu,Ooty,Ooty Lake,Lake,1824,1,4.1,10,Yes,None,Recreational,Yes,0.61,Morning
241.0,Southern,Tamil Nadu,Coimbatore,Marudamalai Temple,Temple,12th century,1,4.7,0,Yes,None,Religious,No,0.3,All
242.0,Southern,Tamil Nadu,Kodaikanal,Kodaikanal Lake,Lake,1863,2,3.9,0,No,None,Recreational,Yes,0.1,Morning
243.0,Southern,Tamil Nadu,Thanjavur,Brihadeeswarar Temple,Temple,110,1.5,4.8,0,Yes,None,Religious,No,0.35,All
244.0,Southern,Tamil Nadu,Mahabalipuram,Shore Temple,Temple,7th century,1,4.6,40,Yes,None,Historical,No,0.09,All
245.0,Southern,Tamil Nadu,Yercaud,Yercaud Lake,Lake,Unknown,1,4.2,0,No,None,Recreational,Yes,0.019,Morning
246.0,Southern,Tamil Nadu,Tirunelveli,Nellaiappar Temple,Temple,7th century,1,4.6,0,Yes,None,Religious,No,0.16,All
247.0,Southern,Tamil Nadu,Chidambaram,Nataraja Temple,Temple,10th century,1,4.7,0,Yes,None,Religious,No,0.28,All
248.0,Southern,Andhra Pradesh,Vijayawada,Kanaka Durga Temple,Temple,Unknown,1,4.7,0,Yes,None,Religious,No,0.44,All
249.0,Southern,Andhra Pradesh,Visakhapatnam,Rishikonda Beach,Beach,Unknown,1.5,4.5,0,Yes,None,Recreational,Yes,0.39,Morning
250.0,Southern,Andhra Pradesh,Srisailam,Mallikarjuna Swamy Temple,Temple,14th century,1,4.7,0,No,None,Religious,No,0.49,All
251.0,Southern,Andhra Pradesh,Rajahmundry,Papikondalu,Hill,Unknown,2,4.3,0,Yes,None,Nature,Yes,0.032,All
252.0,Southern,Andhra Pradesh,Anantapur,Lepakshi,Site,16th century,1.5,4.6,0,No,None,Historical,Yes,0.075,All
253.0,Southern,Andhra Pradesh,Kurnool,Belum Caves,Cave,Unknown,1.5,4.4,65,Yes,None,Natural Wonder,Yes,0.11,Afternoon
254.0,Southern,Andhra Pradesh,Amravati,Amaravathi Temple,Temple,Unknown,1,4.7,0,Yes,None,Religious,No,0.041,All
255.0,Southern,Andhra Pradesh,Guntur,Uppalapadu Bird Sanctuary,Bird Sanctuary,Unknown,1,4.4,10,Yes,None,Wildlife,Yes,0.7,All
256.0,Southern,Andhra Pradesh,Kadapa,Gandikota Fort,Fort,12th century,1.5,4.5,0,No,None,Historical,Yes,0.015,Morning
257.0,Southern,Andhra Pradesh,Puttaparthi,Prasanthi Nilayam,Spiritual Center,1950,1,4.7,0,Yes,None,Religious,Yes,0.12,All
258.0,Southern,Andhra Pradesh,Vizianagaram,Simhachalam Temple,Temple,198,1,4.7,0,Yes,None,Religious,No,0.59,All
259.0,Southern,Andhra Pradesh,Visakhapatnam,Kailasagiri,Hill,Unknown,2,4.5,0,Yes,None,Recreational,Yes,0.019,All
260.0,Southern,Andhra Pradesh,Visakhapatnam,Submarine Museum,Museum,22,1,4.6,40,Yes,None,Historical,Yes,0.49,All
261.0,Southern,Andhra Pradesh,Visakhapatnam,Borra Caves,Cave,Unknown,2,4.5,60,No,None,Natural Wonder,Yes,0.31,Afternoon
262.0,Southern,Andhra Pradesh,Visakhapatnam,War Memorial,War Memorial,Unknown,1,4.6,0,Yes,None,Historical,Yes,0.059,All
263.0,Southern,Andhra Pradesh,Visakhapatnam,Indira Gandhi Zoological Park,Zoo,1977,2,4.1,20,Yes,Monday,Wildlife,Yes,0.25,Afternoon
264.0,Southern,Andhra Pradesh,Visakhapatnam,Matsyadarshini Aquarium,Aquarium,Unknown,1,3.8,20,Yes,None,Recreational,Yes,0.03,All
265.0,Southern,Andhra Pradesh,Visakhapatnam,Visakha Museum,Museum,1991,1,4.3,10,Yes,None,Cultural,Yes,0.065,All
266.0,Eastern,Sikkim,Gangtok,Nathula Pass,Hill,Unknown,2,4.3,20,Yes,None,Historical,Yes,0.15,Afternoon
267.0,Eastern,Sikkim,Pelling,Pemayangtse Monastery,Monastery,1705,1,4.6,20,No,None,Religious,No,0.015,Morning
268.0,Eastern,Sikkim,Namchi,Char Dham,Religious Complex,211,2,4.7,50,Yes,None,Religious,No,0.12,All
269.0,Eastern,Sikkim,Gangtok,Rumtek Monastery,Monastery,1960s,1,4.6,10,Yes,None,Religious,No,0.035,Morning
270.0,Eastern,Sikkim,Ravangla,Buddha Park,Park,213,1,4.8,50,Yes,None,Cultural,Yes,0.1,All
271.0,Eastern,Sikkim,Gangtok,Baba Harbhajan Singh Temple,Temple,1967,1,4.7,0,Yes,None,Religious,No,0.075,All
272.0,Eastern,Sikkim,Gangtok,Tsomgo Lake,Lake,Unknown,2,4.5,0,Yes,None,Nature,Yes,0.15,Morning
273.0,North Eastern,Assam,Guwahati,Kamakhya Temple,Temple,Unknown,2,4.6,0,Yes,None,Religious,No,0.21,All
274.0,North Eastern,Assam,Kaziranga,Kaziranga National Park,National Park,1905,3,4.5,650,No,None,Wildlife,No,0.068,Morning
275.0,North Eastern,Assam,Guwahati,Umananda Island,Island,Unknown,1,4.1,0,Yes,None,Nature,Yes,0.01,Morning
276.0,North Eastern,Assam,Sivasagar,Sivasagar Sivadol,Temple,1734,1,4.7,0,No,None,Historical,Yes,0.065,All
277.0,North Eastern,Assam,Majuli,Majuli Island,River Island,Unknown,2,4.7,0,No,None,Cultural,Yes,0.01,Morning
278.0,North Eastern,Assam,Manas,Manas National Park,National Park,1990,3,4.6,500,No,None,Wildlife,Yes,0.19,Morning
279.0,North Eastern,Assam,Hajo,Hayagriva Madhava Temple,Temple,Unknown,1,4.5,0,No,None,Religious,Yes,0.9,All
280.0,North Eastern,Assam,Guwahati,Pobitora Wildlife Sanctuary,Wildlife Sanctuary,1987,2,4.4,500,Yes,None,Wildlife,Yes,0.037,All
281.0,North Eastern,Arunachal Pradesh,Tawang,Tawang Monastery,Monastery,1680,2,4.7,0,No,None,Religious,No,0.032,Morning
282.0,North Eastern,Tripura,Agartala,Ujjayanta Palace,Palace,1901,1.5,4.5,10,Yes,Monday,Historical,Yes,0.035,All
283.0,North Eastern,Tripura,Dumboor,Dumboor Lake,Lake,Unknown,1,4.5,0,No,None,Nature,Yes,0.01,Morning
284.0,North Eastern,Tripura,Unakoti,Unakoti Rock Carvings,Rock Carvings,700,1.5,4.5,20,No,None,Historical,Yes,0.025,Morning
285.0,Central,Chhattisgarh,Bastar,Chitrakote Falls,Waterfall,Unknown,1.5,4.6,0,No,None,Nature,Yes,0.19,Morning
286.0,North Eastern,Nagaland,Dzükou Valley,Dzükou Valley,Valley,Unknown,3,4.7,0,No,None,Trekking,Yes,0.01,Afternoon
287.0,Southern,Puducherry,Puducherry,Promenade Beach,Beach,Unknown,1,4.5,0,Yes,None,Recreational,Yes,0.09,Morning
288.0,Southern,Puducherry,Auroville,Auroville,Township,1968,2,4.1,0,Yes,None,Cultural,Yes,0.035,All
289.0,Southern,Puducherry,Puducherry,Paradise Beach,Beach,Unknown,1,4.5,200,Yes,None,Recreational,Yes,0.015,Morning
290.0,Southern,Andaman and Nicobar Islands,Port Blair,Cellular Jail,Landmark,1906,1.5,4.7,30,Yes,Monday,Historical,Yes,0.12,Afternoon
291.0,Southern,Andaman and Nicobar Islands,Havelock Island,Radhanagar Beach,Beach,Unknown,1,4.8,0,No,None,Nature,Yes,0.09,Morning
292.0,Southern,Andaman and Nicobar Islands,Neil Island,Bharatpur Beach,Beach,Unknown,1,4.5,0,No,None,Nature,Yes,0.04,Morning
293.0,Southern,Andaman and Nicobar Islands,Baratang Island,Limestone Caves,Natural Feature,Unknown,1.5,4.4,250,No,None,Nature,Yes,0.015,Morning
294.0,Western,Daman and Diu,Diu,Naida Caves,Cave,Unknown,1,4.5,0,No,None,Nature,Yes,0.6,Afternoon
295.0,Western,Daman and Diu,Diu,Diu Fort,Fort,1535,1.5,4.6,0,No,None,Historical,Yes,1.2,Afternoon
296.0,Eastern,Jharkhand,Deoghar,Baba Baidyanath Temple,Temple,Unknown,1,4.7,0,Yes,None,Religious,Yes,1.8,All
297.0,Eastern,Jharkhand,Ranchi,Pahari Mandir,Temple,Unknown,1,4.6,0,Yes,None,Religious,Yes,0.13,All
298.0,Eastern,Bihar,Bodh Gaya,Mahabodhi Temple,Temple,-260,1.5,4.7,0,Yes,None,Religious,Yes,0.2,All
299.0,Eastern,Bihar,Patna,Sanjay Gandhi Biological Park,Zoo,Unknown,2.5,4.3,30,Yes,None,Wildlife,Yes,0.5,All
300.0,Eastern,Bihar,Patna,Takhat Shri Harimandir Ji Patna Sahib,Gurudwara,Unknown,1,4.7,0,Yes,None,Religious,Yes,0.25,All
301.0,Eastern,Bihar,Patna,Budhha Smriti Park,Park,Unknown,1,4.4,10,Yes,None,Cultural,Yes,0.31,All
302.0,Northern,Haryana,Gurugram,Kingdom of Dreams,Entertainment,2010,3,4.4,1100,Yes,Monday,Entertainment,Yes,0.3,Afternoon
303.0,Northern,Haryana,Gurugram,Ambience Mall,Mall,Unknown,2,4.6,0,Yes,None,Shopping,Yes,1.2,Afternoon
304.0,Northern,Haryana,Gurugram,DLF CyberHub,Commercial Complex,Unknown,2,4.7,0,Yes,None,Entertainment,Yes,0.71,Afternoon
305.0,Northern,Delhi,New Delhi,Gurudwara Bangla Sahib,Gurudwara,Unknown,1,4.8,0,Yes,None,Religious,Yes,1.05,All
306.0,Northern,Uttarakhand,Kedarnath,Kedarnath,Temple,Unknown,1.5,4.8,0,No,None,Religious,No,2,All
307.0,Central,Uttar Pradesh,Noida,DLF Mall of India,Mall,2016,2,4.6,0,Yes,None,Shopping,Yes,1.5,All
308.0,Central,Uttar Pradesh,Greater Noida,The Grand Venice Mall,Mall,Unknown,2,4.2,0,Yes,None,Shopping,Yes,0.45,All
309.0,Southern,Karnataka,Bengaluru,Wonderla Amusement Park,Amusement Park,2005,4,4.5,890,Yes,None,Entertainment,Yes,0.95,All
310.0,Eastern,Odisha,Bhubaneswar,Nandankanan Zoological Park,Zoo,1960,3,4.4,50,Yes,Monday,Wildlife,Yes,0.81,Afternoon
311.0,Southern,Karnataka,Bengaluru,Orion Mall,Mall,2012,2,4.5,0,Yes,None,Shopping,Yes,1.8,All
312.0,Southern,Telangana,Hyderabad,Inorbit Mall Cyberabad,Mall,2004,2,4.5,0,Yes,None,Shopping,Yes,1.2,All
313.0,Northern,Delhi,New Delhi,Jama Masjid,Mosque,1656,1,4.5,0,Yes,None,Historical,Yes,0.49,All
314.0,Southern,Tamil Nadu,Rameswaram,Ramanathaswamy Temple,Temple,Unknown,1.5,4.7,0,Yes,None,Religious,No,0.1,All
315.0,Central,Uttar Pradesh,Greater Noida,Buddh International Circuit,Race Track,2011,2,4.6,1500,Yes,Sunday,Sports,Yes,7.4,All
316.0,Central,Uttar Pradesh,Lucknow,Phoenix Palassio,Mall,2020,2,4.6,0,Yes,None,Shopping,Yes,0.35,All
317.0,Southern,Kerala,Kochi,LuLu International Shopping Mall,Mall,2013,3,4.6,0,Yes,None,Shopping,Yes,1.9,All
318.0,Northern,Delhi,New Delhi,Rail Museum,Museum,1977,2,4.4,50,Yes,Monday,Cultural,Yes,0.24,Morning
319.0,North Eastern,Meghalaya,Cherrapunji,Living Root Bridge,Natural Feature,Unknown,2,4.6,0,No,None,Nature,Yes,0.06,Morning
320.0,Western,Gujarat,Gandhinagar,Akshardham,Temple,1992,3,4.6,0,Yes,Monday,Religious,No,0.18,All
321.0,Central,Uttar Pradesh,Agra,Agra Fort,Fort,1565,2,4.5,40,Yes,None,Historical,Yes,1.3,Afternoon
322.0,Central,Madhya Pradesh,Bhopal,Madhya Pradesh Tribal Museum,Museum,2013,2,4.7,10,Yes,Monday,Cultural,Yes,0.15,All
323.0,,,,,,,,,,,,,,,
324.0,,,,,,,,,,,,,,,
